Metric,Min Salary ,Max Salary 
R²,0.9820168009889851,0.9998773910823253
MAE,10041.032601638357,19915.35476316952
RMSE,69526.28041974212,102700.37447129251
EVS,0.982023187252353,0.9998774707232156
